{
  "bleu": {
    "dim1": 82.96218383195821,
    "dim2": 78.93965232499185,
    "dim3": 84.38292578221227,
    "dim4": 88.72172295458444,
    "dim5": 64.10679160572177,
    "dim6": 76.81760537097631,
    "dim7": 80.81255195239677,
    "dim8": 83.68367983783958,
    "dim9": 73.58710426786065,
    "dim10": 71.03289184164383
  }
}