{
  "bleu": {
    "dim1": 69.38380775830558,
    "dim2": 67.68040677360673,
    "dim3": 67.52963295800782,
    "dim4": 72.54069521162263,
    "dim5": 69.71050766065765,
    "dim6": 67.24108428785736,
    "dim7": 69.707435607959,
    "dim8": 67.92477992049916,
    "dim9": 77.75296431863767,
    "dim10": 66.01618238283771
  }
}