{
  "bleu": {
    "dim1": 65.51374135223416,
    "dim2": 67.3527243980478,
    "dim3": 74.83069225169866,
    "dim4": 86.98872367332721,
    "dim5": 75.9705889517896,
    "dim6": 62.01337916768773,
    "dim7": 71.36720392973005,
    "dim8": 81.94245197697359,
    "dim9": 73.98139278613608,
    "dim10": 70.62321885653854
  }
}